thisN,thisTrialN,thisRepN,key_resp.keys,key_resp.corr,key_resp.rt,key_resp.duration,tilt,trials.thisRepN,trials.thisTrialN,trials.thisN,trials.thisIndex,thisRow.t,notes,piloting,trial.started,fixation.started,key_resp.started,fixation.stopped,trial.stopped,trials.key_resp.keys,trials.key_resp.corr,trials.key_resp.rt,trials.key_resp.duration,trials.tilt,participant,session,date,expName,expVersion,psychopyVersion,frameRate,expStart,
0,0,0,up,1,0.6967739006504416,None,0,0,0,0,0,0.010207200422883034,,False,0.008104300126433372,0.010207200422883034,0.9972784006968141,1.000262500718236,1.7208488006144762,up,1,0.6967739006504416,None,0,176374,001,2026-10-07_21h18.51.427,orientation discriminatin task,,2026.2.4,119.92133056139,2026-10-07 21h18.51.473378 +0530,
1,0,1,up,1,0.5065839001908898,None,0,1,0,1,0,1.7241438003256917,,,1.721161300316453,1.7241438003256917,2.7171828001737595,2.7171828001737595,3.2263058004900813,up,1,0.5065839001908898,None,0,176374,001,2026-10-07_21h18.51.427,orientation discriminatin task,,2026.2.4,119.92133056139,2026-10-07 21h18.51.473378 +0530,
2,0,2,up,1,0.4823019001632929,None,0,2,0,2,0,3.2334198001772165,,,3.226756500080228,3.2334198001772165,4.21718250028789,4.2255771001800895,4.700752400793135,up,1,0.4823019001632929,None,0,176374,001,2026-10-07_21h18.51.427,orientation discriminatin task,,2026.2.4,119.92133056139,2026-10-07 21h18.51.473378 +0530,
3,0,3,up,0,0.448492499999702,None,1,3,0,3,0,4.708532000891864,,,4.701098000630736,4.708532000891864,5.691654100082815,5.700235500000417,6.142374100163579,up,0,0.448492499999702,None,1,176374,001,2026-10-07_21h18.51.427,orientation discriminatin task,,2026.2.4,119.92133056139,2026-10-07 21h18.51.473378 +0530,
4,0,4,down,1,1.0388315003365278,None,4,4,0,4,0,6.150065400637686,,,6.142992900684476,6.150065400637686,7.1334657007828355,7.141646100208163,8.175792200490832,down,1,1.0388315003365278,None,4,176374,001,2026-10-07_21h18.51.427,orientation discriminatin task,,2026.2.4,119.92133056139,2026-10-07 21h18.51.473378 +0530,
5,0,5,up,0,1.229300900362432,None,-1,5,0,5,0,8.183488000184298,,,8.176225500181317,8.183488000184298,9.166616200469434,9.175183900631964,10.400674800388515,up,0,1.229300900362432,None,-1,176374,001,2026-10-07_21h18.51.427,orientation discriminatin task,,2026.2.4,119.92133056139,2026-10-07 21h18.51.473378 +0530,
6,0,6,up,0,0.7381574995815754,None,-4,6,0,6,0,10.408291800878942,,,10.401200000196695,10.408291800878942,11.392738500609994,11.400509100407362,12.134122600778937,up,0,0.7381574995815754,None,-4,176374,001,2026-10-07_21h18.51.427,orientation discriminatin task,,2026.2.4,119.92133056139,2026-10-07 21h18.51.473378 +0530,
7,0,7,down,0,1.7823933996260166,None,0,7,0,7,0,12.141355100087821,,,12.134508000686765,12.141355100087821,13.125033200718462,13.13432880025357,14.917215800844133,down,0,1.7823933996260166,None,0,176374,001,2026-10-07_21h18.51.427,orientation discriminatin task,,2026.2.4,119.92133056139,2026-10-07 21h18.51.473378 +0530,
8,0,8,up,1,0.869599299505353,None,0,8,0,8,0,14.925216600298882,,,14.917648400180042,14.925216600298882,15.908696400001645,15.917037700302899,16.783734500408173,up,1,0.869599299505353,None,0,176374,001,2026-10-07_21h18.51.427,orientation discriminatin task,,2026.2.4,119.92133056139,2026-10-07 21h18.51.473378 +0530,
9,0,9,down,1,1.1903221001848578,None,1,9,0,9,0,16.791269100271165,,,16.784250200726092,16.791269100271165,17.77493390068412,17.783661200664937,18.968265400268137,down,1,1.1903221001848578,None,1,176374,001,2026-10-07_21h18.51.427,orientation discriminatin task,,2026.2.4,119.92133056139,2026-10-07 21h18.51.473378 +0530,
10,0,10,up,0,1.4880419997498393,None,-2,10,0,10,0,18.974836100824177,,,18.968715600669384,18.974836100824177,19.9669999005273,19.9669999005273,21.458961500786245,up,0,1.4880419997498393,None,-2,176374,001,2026-10-07_21h18.51.427,orientation discriminatin task,,2026.2.4,119.92133056139,2026-10-07 21h18.51.473378 +0530,
11,0,11,up,0,1.1245812997221947,None,-3,11,0,11,0,21.466328200884163,,,21.45937230065465,21.466328200884163,22.451119400560856,22.45803900063038,23.583640800789,up,0,1.1245812997221947,None,-3,176374,001,2026-10-07_21h18.51.427,orientation discriminatin task,,2026.2.4,119.92133056139,2026-10-07 21h18.51.473378 +0530,
12,0,12,down,1,0.4618530999869108,None,4,12,0,12,0,23.591586500406265,,,23.583965400233865,23.591586500406265,24.576008000411093,24.583125500008464,25.043159500695765,down,1,0.4618530999869108,None,4,176374,001,2026-10-07_21h18.51.427,orientation discriminatin task,,2026.2.4,119.92133056139,2026-10-07 21h18.51.473378 +0530,
13,0,13,up,1,0.665718600153923,None,0,13,0,13,0,25.049439700320363,,,25.04362320061773,25.049439700320363,26.041659800335765,26.041659800335765,26.708327800035477,up,1,0.665718600153923,None,0,176374,001,2026-10-07_21h18.51.427,orientation discriminatin task,,2026.2.4,119.92133056139,2026-10-07 21h18.51.473378 +0530,
14,0,14,up,1,0.7985125994309783,None,0,14,0,14,0,26.716297100298107,,,26.708669500425458,26.716297100298107,27.700117400847375,27.708508000709116,28.500083800405264,up,1,0.7985125994309783,None,0,176374,001,2026-10-07_21h18.51.427,orientation discriminatin task,,2026.2.4,119.92133056139,2026-10-07 21h18.51.473378 +0530,
15,0,15,up,1,0.5426864996552467,None,0,15,0,15,0,28.507715800777078,,,28.500395100563765,28.507715800777078,29.49097410030663,29.50008670054376,30.04170750081539,up,1,0.5426864996552467,None,0,176374,001,2026-10-07_21h18.51.427,orientation discriminatin task,,2026.2.4,119.92133056139,2026-10-07 21h18.51.473378 +0530,
16,0,16,up,1,0.7749503999948502,None,0,16,0,16,0,30.04929850064218,,,30.042319000698626,30.04929850064218,31.032951900735497,31.04097290057689,31.809425400570035,up,1,0.7749503999948502,None,0,176374,001,2026-10-07_21h18.51.427,orientation discriminatin task,,2026.2.4,119.92133056139,2026-10-07 21h18.51.473378 +0530,
17,0,17,up,1,0.7145956000313163,None,0,17,0,17,0,31.816020800732076,,,31.809876900166273,31.816020800732076,32.808282000012696,32.808282000012696,33.52572480030358,up,1,0.7145956000313163,None,0,176374,001,2026-10-07_21h18.51.427,orientation discriminatin task,,2026.2.4,119.92133056139,2026-10-07 21h18.51.473378 +0530,
18,0,18,up,1,0.5912006003782153,None,0,18,0,18,0,33.53270720038563,,,33.52616140060127,33.53270720038563,34.52434980031103,34.52434980031103,35.11737870052457,up,1,0.5912006003782153,None,0,176374,001,2026-10-07_21h18.51.427,orientation discriminatin task,,2026.2.4,119.92133056139,2026-10-07 21h18.51.473378 +0530,
19,0,19,down,1,0.6679457994177938,None,1,19,0,19,0,35.1244918005541,,,35.11781050078571,35.1244918005541,36.116308100521564,36.116308100521564,36.79138760082424,down,1,0.6679457994177938,None,1,176374,001,2026-10-07_21h18.51.427,orientation discriminatin task,,2026.2.4,119.92133056139,2026-10-07 21h18.51.473378 +0530,
20,0,20,down,1,0.9941601995378733,None,3,20,0,20,0,36.79938540048897,,,36.79200030025095,36.79938540048897,37.783272600732744,37.7909220000729,38.78359430003911,down,1,0.9941601995378733,None,3,176374,001,2026-10-07_21h18.51.427,orientation discriminatin task,,2026.2.4,119.92133056139,2026-10-07 21h18.51.473378 +0530,
21,0,21,up,1,0.9378528008237481,None,0,21,0,21,0,38.79086470045149,,,38.78414040058851,38.79086470045149,39.774669100530446,39.78307050000876,40.716141500510275,up,1,0.9378528008237481,None,0,176374,001,2026-10-07_21h18.51.427,orientation discriminatin task,,2026.2.4,119.92133056139,2026-10-07 21h18.51.473378 +0530,
22,0,22,down,1,0.6569267995655537,None,-5,22,0,22,0,40.72399369999766,,,40.716497300192714,40.72399369999766,41.70767000038177,41.71583300083876,42.36621140036732,down,1,0.6569267995655537,None,-5,176374,001,2026-10-07_21h18.51.427,orientation discriminatin task,,2026.2.4,119.92133056139,2026-10-07 21h18.51.473378 +0530,
23,0,23,up,1,0.6751258997246623,None,0,23,0,23,0,42.374068500474095,,,42.36661220062524,42.374068500474095,43.35809540003538,43.36625920049846,44.04202670045197,up,1,0.6751258997246623,None,0,176374,001,2026-10-07_21h18.51.427,orientation discriminatin task,,2026.2.4,119.92133056139,2026-10-07 21h18.51.473378 +0530,
24,0,24,down,1,0.5097070997580886,None,2,24,0,24,0,44.049147800542414,,,44.04256480000913,44.049147800542414,45.032981200143695,45.04074270091951,45.55004240013659,down,1,0.5097070997580886,None,2,176374,001,2026-10-07_21h18.51.427,orientation discriminatin task,,2026.2.4,119.92133056139,2026-10-07 21h18.51.473378 +0530,
25,0,25,up,1,0.3563155997544527,None,0,25,0,25,0,45.55788250081241,,,45.55049090087414,45.55788250081241,46.54950600024313,46.54950600024313,46.90823800023645,up,1,0.3563155997544527,None,0,176374,001,2026-10-07_21h18.51.427,orientation discriminatin task,,2026.2.4,119.92133056139,2026-10-07 21h18.51.473378 +0530,
26,0,26,up,1,0.7685377998277545,None,0,26,0,26,0,46.9162354003638,,,46.90855890046805,46.9162354003638,47.9073005001992,47.9073005001992,48.683553400449455,up,1,0.7685377998277545,None,0,176374,001,2026-10-07_21h18.51.427,orientation discriminatin task,,2026.2.4,119.92133056139,2026-10-07 21h18.51.473378 +0530,
27,0,27,down,1,0.8894909005612135,None,-3,27,0,27,0,48.69047720078379,,,48.684116400778294,48.69047720078379,49.67417550086975,49.68303000088781,50.56582340039313,down,1,0.8894909005612135,None,-3,176374,001,2026-10-07_21h18.51.427,orientation discriminatin task,,2026.2.4,119.92133056139,2026-10-07 21h18.51.473378 +0530,
28,0,28,up,1,0.6736043002456427,None,0,28,0,28,0,50.57398270070553,,,50.56616790033877,50.57398270070553,51.557432600297034,51.5655450001359,52.23309750016779,up,1,0.6736043002456427,None,0,176374,001,2026-10-07_21h18.51.427,orientation discriminatin task,,2026.2.4,119.92133056139,2026-10-07 21h18.51.473378 +0530,
29,0,29,down,1,0.9075250998139381,None,3,29,0,29,0,52.24046020023525,,,52.233527100645006,52.24046020023525,53.224130200222135,53.23289370071143,54.13302200008184,down,1,0.9075250998139381,None,3,176374,001,2026-10-07_21h18.51.427,orientation discriminatin task,,2026.2.4,119.92133056139,2026-10-07 21h18.51.473378 +0530,
30,0,30,up,1,0.5753437001258135,None,0,30,0,30,0,54.14026840031147,,,54.13347030058503,54.14026840031147,55.12402030080557,55.13231410086155,55.70781410019845,up,1,0.5753437001258135,None,0,176374,001,2026-10-07_21h18.51.427,orientation discriminatin task,,2026.2.4,119.92133056139,2026-10-07 21h18.51.473378 +0530,
31,0,31,down,1,0.5874620992690325,None,-1,31,0,31,0,55.715190700255334,,,55.708279800601304,55.715190700255334,56.69886330049485,56.70773530006409,57.29160900041461,down,1,0.5874620992690325,None,-1,176374,001,2026-10-07_21h18.51.427,orientation discriminatin task,,2026.2.4,119.92133056139,2026-10-07 21h18.51.473378 +0530,
32,0,32,up,1,0.5691007003188133,None,0,32,0,32,0,57.299164100550115,,,57.291990000754595,57.299164100550115,58.29046600032598,58.29046600032598,58.86597010027617,up,1,0.5691007003188133,None,0,176374,001,2026-10-07_21h18.51.427,orientation discriminatin task,,2026.2.4,119.92133056139,2026-10-07 21h18.51.473378 +0530,
33,0,33,up,1,0.3583883000537753,None,0,33,0,33,0,58.874029700644314,,,58.86643750034273,58.874029700644314,59.85731690004468,59.86560450028628,60.21711660083383,up,1,0.3583883000537753,None,0,176374,001,2026-10-07_21h18.51.427,orientation discriminatin task,,2026.2.4,119.92133056139,2026-10-07 21h18.51.473378 +0530,
34,0,34,up,1,0.3615008993074298,None,0,34,0,34,0,60.22365040052682,,,60.217673600651324,60.22365040052682,61.21538430079818,61.21538430079818,61.58333540055901,up,1,0.3615008993074298,None,0,176374,001,2026-10-07_21h18.51.427,orientation discriminatin task,,2026.2.4,119.92133056139,2026-10-07 21h18.51.473378 +0530,
35,0,35,up,1,0.45373630058020353,None,0,35,0,35,0,61.59064090065658,,,61.58385710045695,61.59064090065658,62.58199720084667,62.58199720084667,63.0411033006385,up,1,0.45373630058020353,None,0,176374,001,2026-10-07_21h18.51.427,orientation discriminatin task,,2026.2.4,119.92133056139,2026-10-07 21h18.51.473378 +0530,
36,0,36,down,1,0.6631434001028538,None,-5,36,0,36,0,63.048595500178635,,,63.041548400186,63.048595500178635,64.031932300888,64.04010020010173,64.69921450037509,down,1,0.6631434001028538,None,-5,176374,001,2026-10-07_21h18.51.427,orientation discriminatin task,,2026.2.4,119.92133056139,2026-10-07 21h18.51.473378 +0530,
37,0,37,up,1,0.3734229002147913,None,0,37,0,37,0,64.7080345004797,,,64.69976890087128,64.7080345004797,65.69088410027325,65.69862040039152,66.06613050028682,up,1,0.3734229002147913,None,0,176374,001,2026-10-07_21h18.51.427,orientation discriminatin task,,2026.2.4,119.92133056139,2026-10-07 21h18.51.473378 +0530,
38,0,38,up,0,0.7069589998573065,None,-1,38,0,38,0,66.07337970007211,,,66.06667280010879,66.07337970007211,67.05757340043783,67.0655918000266,67.76777090039104,up,0,0.7069589998573065,None,-1,176374,001,2026-10-07_21h18.51.427,orientation discriminatin task,,2026.2.4,119.92133056139,2026-10-07 21h18.51.473378 +0530,
39,0,39,up,1,1.1690304996445775,None,0,39,0,39,0,67.77352900058031,,,67.76820150017738,67.77352900058031,68.76516900025308,68.76516900025308,69.94111520051956,up,1,1.1690304996445775,None,0,176374,001,2026-10-07_21h18.51.427,orientation discriminatin task,,2026.2.4,119.92133056139,2026-10-07 21h18.51.473378 +0530,
40,0,40,up,1,0.4629647992551327,None,0,40,0,40,0,69.94860890042037,,,69.94154160004109,69.94860890042037,70.93200660031289,70.94044650066644,71.3994729006663,up,1,0.4629647992551327,None,0,176374,001,2026-10-07_21h18.51.427,orientation discriminatin task,,2026.2.4,119.92133056139,2026-10-07 21h18.51.473378 +0530,
41,0,41,down,1,0.6047739004716277,None,-2,41,0,41,0,71.40658820047975,,,71.40000210050493,71.40658820047975,72.39847380015999,72.39847380015999,73.00834220089018,down,1,0.6047739004716277,None,-2,176374,001,2026-10-07_21h18.51.427,orientation discriminatin task,,2026.2.4,119.92133056139,2026-10-07 21h18.51.473378 +0530,
42,0,42,up,1,0.4582489999011159,None,0,42,0,42,0,73.01485680043697,,,73.00881000049412,73.01485680043697,74.00672590080649,74.00672590080649,74.46655440051109,up,1,0.4582489999011159,None,0,176374,001,2026-10-07_21h18.51.427,orientation discriminatin task,,2026.2.4,119.92133056139,2026-10-07 21h18.51.473378 +0530,
43,0,43,up,1,0.4526044996455312,None,0,43,0,43,0,74.47333290055394,,,74.46703090053052,74.47333290055394,75.46467680018395,75.46467680018395,75.9237779006362,up,1,0.4526044996455312,None,0,176374,001,2026-10-07_21h18.51.427,orientation discriminatin task,,2026.2.4,119.92133056139,2026-10-07 21h18.51.473378 +0530,
44,0,44,up,0,0.383338900282979,None,2,44,0,44,0,75.931565400213,,,75.92413430009037,75.931565400213,76.91537760011852,76.9237800007686,77.2993955006823,up,0,0.383338900282979,None,2,176374,001,2026-10-07_21h18.51.427,orientation discriminatin task,,2026.2.4,119.92133056139,2026-10-07 21h18.51.473378 +0530,
45,0,45,up,1,0.6322251996025443,None,0,45,0,45,0,77.30695300083607,,,77.29974010027945,77.30695300083607,78.29911330062896,78.29911330062896,78.9326008008793,up,1,0.6322251996025443,None,0,176374,001,2026-10-07_21h18.51.427,orientation discriminatin task,,2026.2.4,119.92133056139,2026-10-07 21h18.51.473378 +0530,
46,0,46,up,0,0.0882161008194089,None,-4,46,0,46,0,78.94021250028163,,,78.93297100067139,78.94021250028163,79.93162960000336,79.93162960000336,80.0245829001069,up,0,0.0882161008194089,None,-4,176374,001,2026-10-07_21h18.51.427,orientation discriminatin task,,2026.2.4,119.92133056139,2026-10-07 21h18.51.473378 +0530,
47,0,47,up,1,0.5577718000859022,None,0,47,0,47,0,80.03163980040699,,,80.02511340007186,80.03163980040699,81.02318860031664,81.02318860031664,81.58301370032132,up,1,0.5577718000859022,None,0,176374,001,2026-10-07_21h18.51.427,orientation discriminatin task,,2026.2.4,119.92133056139,2026-10-07 21h18.51.473378 +0530,
48,0,48,up,0,0.5779075995087624,None,2,48,0,48,0,81.58960620034486,,,81.58350410033017,81.58960620034486,82.5814002007246,82.5814002007246,83.16594140045345,up,0,0.5779075995087624,None,2,176374,001,2026-10-07_21h18.51.427,orientation discriminatin task,,2026.2.4,119.92133056139,2026-10-07 21h18.51.473378 +0530,
49,0,49,up,1,0.573590500280261,None,0,49,0,49,0,83.17285720072687,,,83.1664105001837,83.17285720072687,84.15672480035573,84.16542630083859,84.73275330010802,up,1,0.573590500280261,None,0,176374,001,2026-10-07_21h18.51.427,orientation discriminatin task,,2026.2.4,119.92133056139,2026-10-07 21h18.51.473378 +0530,
50,0,50,up,1,0.4109017001464963,None,0,50,0,50,0,84.739815200679,,,84.73331120051444,84.739815200679,85.7315456001088,85.7315456001088,86.14977010060102,up,1,0.4109017001464963,None,0,176374,001,2026-10-07_21h18.51.427,orientation discriminatin task,,2026.2.4,119.92133056139,2026-10-07 21h18.51.473378 +0530,
51,0,51,up,1,0.3632507994771004,None,0,51,0,51,0,86.1565354000777,,,86.15032970067114,86.1565354000777,87.14863160066307,87.14863160066307,87.51568900048733,up,1,0.3632507994771004,None,0,176374,001,2026-10-07_21h18.51.427,orientation discriminatin task,,2026.2.4,119.92133056139,2026-10-07 21h18.51.473378 +0530,
52,0,52,up,0,0.3912157006561756,None,-3,52,0,52,0,87.52276330068707,,,87.51613700017333,87.52276330068707,88.51454490050673,88.51454490050673,88.90716420020908,up,0,0.3912157006561756,None,-3,176374,001,2026-10-07_21h18.51.427,orientation discriminatin task,,2026.2.4,119.92133056139,2026-10-07 21h18.51.473378 +0530,
53,0,53,up,1,0.42760519962757826,None,0,53,0,53,0,88.91439140029252,,,88.90764390025288,88.91439140029252,89.89809260051697,89.90639350004494,90.33245220035315,up,1,0.42760519962757826,None,0,176374,001,2026-10-07_21h18.51.427,orientation discriminatin task,,2026.2.4,119.92133056139,2026-10-07 21h18.51.473378 +0530,
54,0,54,up,1,0.5281727006658912,None,0,54,0,54,0,90.33973120059818,,,90.3329710001126,90.33973120059818,91.33181750029325,91.33181750029325,91.86515640001744,up,1,0.5281727006658912,None,0,176374,001,2026-10-07_21h18.51.427,orientation discriminatin task,,2026.2.4,119.92133056139,2026-10-07 21h18.51.473378 +0530,
55,0,55,up,0,0.3859000001102686,None,4,55,0,55,0,91.87277840077877,,,91.86575260013342,91.87277840077877,92.8562346007675,92.86429530009627,93.24830210022628,up,0,0.3859000001102686,None,4,176374,001,2026-10-07_21h18.51.427,orientation discriminatin task,,2026.2.4,119.92133056139,2026-10-07 21h18.51.473378 +0530,
56,0,56,up,1,0.6382607007399201,None,0,56,0,56,0,93.25604390073568,,,93.24880260042846,93.25604390073568,94.23935360088944,94.24846000038087,94.88169150054455,up,1,0.6382607007399201,None,0,176374,001,2026-10-07_21h18.51.427,orientation discriminatin task,,2026.2.4,119.92133056139,2026-10-07 21h18.51.473378 +0530,
57,0,57,up,1,3.636200999841094,None,0,57,0,57,0,94.8895594002679,,,94.88228450063616,94.8895594002679,95.87283990066499,95.88175460044295,99.51553410012275,up,1,3.636200999841094,None,0,176374,001,2026-10-07_21h18.51.427,orientation discriminatin task,,2026.2.4,119.92133056139,2026-10-07 21h18.51.473378 +0530,
58,0,58,up,0,0.8031103005632758,None,0,58,0,58,0,99.52308830060065,,,99.51616850029677,99.52308830060065,100.50656840018928,100.51467520091683,101.31497420091182,up,0,0.8031103005632758,None,0,176374,001,2026-10-07_21h18.51.427,orientation discriminatin task,,2026.2.4,119.92133056139,2026-10-07 21h18.51.473378 +0530,
59,0,59,up,0,0.4356892993673682,None,-2,59,0,59,0,101.32245230022818,,,101.31555360089988,101.32245230022818,102.30630650091916,102.3145751003176,102.7488003000617,up,0,0.4356892993673682,None,-2,176374,001,2026-10-07_21h18.51.427,orientation discriminatin task,,2026.2.4,119.92133056139,2026-10-07 21h18.51.473378 +0530,
60,0,60,up,1,0.5615189000964165,None,0,60,0,60,0,102.75573100056499,,,102.74932000041008,102.75573100056499,103.73930570017546,103.74804000090808,104.3069933000952,up,1,0.5615189000964165,None,0,176374,001,2026-10-07_21h18.51.427,orientation discriminatin task,,2026.2.4,119.92133056139,2026-10-07 21h18.51.473378 +0530,
61,0,61,up,1,0.5046418001875281,None,0,61,0,61,0,104.3139412002638,,,104.3072461001575,104.3139412002638,105.30652490071952,105.30652490071952,105.81518760044128,up,1,0.5046418001875281,None,0,176374,001,2026-10-07_21h18.51.427,orientation discriminatin task,,2026.2.4,119.92133056139,2026-10-07 21h18.51.473378 +0530,
62,0,62,up,1,0.5122044999152422,None,0,62,0,62,0,105.82213930040598,,,105.81571230012923,105.82213930040598,106.80610890034586,106.81423060037196,107.32309390045702,up,1,0.5122044999152422,None,0,176374,001,2026-10-07_21h18.51.427,orientation discriminatin task,,2026.2.4,119.92133056139,2026-10-07 21h18.51.473378 +0530,
63,0,63,down,1,0.5017136000096798,None,-4,63,0,63,0,107.3306886004284,,,107.3234774004668,107.3306886004284,108.3139930004254,108.3222643006593,108.8233867008239,down,1,0.5017136000096798,None,-4,176374,001,2026-10-07_21h18.51.427,orientation discriminatin task,,2026.2.4,119.92133056139,2026-10-07 21h18.51.473378 +0530,
64,0,64,up,1,0.5571407992392778,None,0,64,0,64,0,108.83088510017842,,,108.82393070030957,108.83088510017842,109.82242940086871,109.82242940086871,110.38149590045214,up,1,0.5571407992392778,None,0,176374,001,2026-10-07_21h18.51.427,orientation discriminatin task,,2026.2.4,119.92133056139,2026-10-07 21h18.51.473378 +0530,
65,0,65,down,1,0.6373835001140833,None,3,65,0,65,0,110.38892570044845,,,110.38229580037296,110.38892570044845,111.37303920090199,111.38118770066649,112.0151273002848,down,1,0.6373835001140833,None,3,176374,001,2026-10-07_21h18.51.427,orientation discriminatin task,,2026.2.4,119.92133056139,2026-10-07 21h18.51.473378 +0530,
66,0,66,up,0,0.5048941997811198,None,0,66,0,66,0,112.02242900058627,,,112.01563090085983,112.02242900058627,113.00568390078843,113.01404400076717,113.51451520062983,up,0,0.5048941997811198,None,0,176374,001,2026-10-07_21h18.51.427,orientation discriminatin task,,2026.2.4,119.92133056139,2026-10-07 21h18.51.473378 +0530,
67,0,67,up,0,0.6667093997821212,None,1,67,0,67,0,113.52201270032674,,,113.51488280016929,113.52201270032674,114.50668030045927,114.51391400024295,115.1812148001045,up,0,0.6667093997821212,None,1,176374,001,2026-10-07_21h18.51.427,orientation discriminatin task,,2026.2.4,119.92133056139,2026-10-07 21h18.51.473378 +0530,
68,0,68,down,1,0.6076956000179052,None,-4,68,0,68,0,115.18884730059654,,,115.18173770047724,115.18884730059654,116.24630620051175,116.24630620051175,116.85605910047889,down,1,0.6076956000179052,None,-4,176374,001,2026-10-07_21h18.51.427,orientation discriminatin task,,2026.2.4,119.92133056139,2026-10-07 21h18.51.473378 +0530,
69,0,69,up,0,0.4563322002068162,None,2,69,0,69,0,116.86439130082726,,,116.85639700014144,116.86439130082726,117.84763460047543,117.85593410022557,118.30682430043817,up,0,0.4563322002068162,None,2,176374,001,2026-10-07_21h18.51.427,orientation discriminatin task,,2026.2.4,119.92133056139,2026-10-07 21h18.51.473378 +0530,
70,0,70,up,1,0.4932268997654319,None,0,70,0,70,0,118.31361710000783,,,118.30719590000808,118.31361710000783,119.3057718006894,119.3057718006894,119.80683970078826,up,1,0.4932268997654319,None,0,176374,001,2026-10-07_21h18.51.427,orientation discriminatin task,,2026.2.4,119.92133056139,2026-10-07 21h18.51.473378 +0530,
71,0,71,up,1,0.6916310004889965,None,0,71,0,71,0,119.8136905003339,,,119.80737110041082,119.8136905003339,120.80591370072216,120.80591370072216,121.50623210053891,up,1,0.6916310004889965,None,0,176374,001,2026-10-07_21h18.51.427,orientation discriminatin task,,2026.2.4,119.92133056139,2026-10-07 21h18.51.473378 +0530,
72,0,72,down,1,0.5709904003888369,None,3,72,0,72,0,121.51407380029559,,,121.50662920065224,121.51407380029559,122.49705130048096,122.50531380064785,123.07235070038587,down,1,0.5709904003888369,None,3,176374,001,2026-10-07_21h18.51.427,orientation discriminatin task,,2026.2.4,119.92133056139,2026-10-07 21h18.51.473378 +0530,
73,0,73,down,1,1.3413402000442147,None,-5,73,0,73,0,123.08019620086998,,,123.07289830036461,123.08019620086998,124.06406700052321,124.07216770015657,125.40708550065756,down,1,1.3413402000442147,None,-5,176374,001,2026-10-07_21h18.51.427,orientation discriminatin task,,2026.2.4,119.92133056139,2026-10-07 21h18.51.473378 +0530,
74,0,74,up,1,0.5558078000321984,None,0,74,0,74,0,125.41349250078201,,,125.40749250072986,125.41349250078201,126.40539800003171,126.40539800003171,126.96388700045645,up,1,0.5558078000321984,None,0,176374,001,2026-10-07_21h18.51.427,orientation discriminatin task,,2026.2.4,119.92133056139,2026-10-07 21h18.51.473378 +0530,
75,0,75,up,1,0.79176289960742,None,0,75,0,75,0,126.97187210060656,,,126.96420410089195,126.97187210060656,127.9555812003091,127.96415860019624,128.75598290003836,up,1,0.79176289960742,None,0,176374,001,2026-10-07_21h18.51.427,orientation discriminatin task,,2026.2.4,119.92133056139,2026-10-07 21h18.51.473378 +0530,
76,0,76,down,1,0.6609051004052162,None,3,76,0,76,0,128.76385450083762,,,128.75664970092475,128.76385450083762,129.75590000022203,129.75590000022203,130.4220521003008,down,1,0.6609051004052162,None,3,176374,001,2026-10-07_21h18.51.427,orientation discriminatin task,,2026.2.4,119.92133056139,2026-10-07 21h18.51.473378 +0530,
77,0,77,up,1,0.4184310995042324,None,0,77,0,77,0,130.4300572006032,,,130.42234080005437,130.4300572006032,131.41400110069662,131.42223580088466,131.83890130091459,up,1,0.4184310995042324,None,0,176374,001,2026-10-07_21h18.51.427,orientation discriminatin task,,2026.2.4,119.92133056139,2026-10-07 21h18.51.473378 +0530,
78,0,78,up,0,0.4508400997146964,None,1,78,0,78,0,131.84654950071126,,,131.83921720087528,131.84654950071126,132.83049740083516,132.8388797007501,133.2886587008834,up,0,0.4508400997146964,None,1,176374,001,2026-10-07_21h18.51.427,orientation discriminatin task,,2026.2.4,119.92133056139,2026-10-07 21h18.51.473378 +0530,
79,0,79,up,1,0.7536995001137257,None,0,79,0,79,0,133.29681720025837,,,133.28898740001023,133.29681720025837,134.2805045004934,134.2888962002471,135.03933160007,up,1,0.7536995001137257,None,0,176374,001,2026-10-07_21h18.51.427,orientation discriminatin task,,2026.2.4,119.92133056139,2026-10-07 21h18.51.473378 +0530,
80,0,80,down,1,0.621072799898684,None,-4,80,0,80,0,135.0472381003201,,,135.0398898003623,135.0472381003201,136.03913820069283,136.03913820069283,136.66491460055113,down,1,0.621072799898684,None,-4,176374,001,2026-10-07_21h18.51.427,orientation discriminatin task,,2026.2.4,119.92133056139,2026-10-07 21h18.51.473378 +0530,
81,0,81,down,1,0.7736795991659164,None,2,81,0,81,0,136.67146580014378,,,136.66545620001853,136.67146580014378,137.66344430018216,137.66344430018216,138.43863890040666,down,1,0.7736795991659164,None,2,176374,001,2026-10-07_21h18.51.427,orientation discriminatin task,,2026.2.4,119.92133056139,2026-10-07 21h18.51.473378 +0530,
82,0,82,up,1,0.6093576001003385,None,0,82,0,82,0,138.44655000045896,,,138.4390456005931,138.44655000045896,139.42996900063008,139.43869150057435,140.04749120026827,up,1,0.6093576001003385,None,0,176374,001,2026-10-07_21h18.51.427,orientation discriminatin task,,2026.2.4,119.92133056139,2026-10-07 21h18.51.473378 +0530,
83,0,83,up,0,1.1684584002941847,None,2,83,0,83,0,140.0548496004194,,,140.04822900053114,140.0548496004194,141.04655750002712,141.04655750002712,142.2215634007007,up,0,1.1684584002941847,None,2,176374,001,2026-10-07_21h18.51.427,orientation discriminatin task,,2026.2.4,119.92133056139,2026-10-07 21h18.51.473378 +0530,
84,0,84,up,0,2.8538983995094895,None,1,84,0,84,0,142.22984790056944,,,142.2218610001728,142.22984790056944,143.2131517007947,143.22156310081482,146.0722999004647,up,0,2.8538983995094895,None,1,176374,001,2026-10-07_21h18.51.427,orientation discriminatin task,,2026.2.4,119.92133056139,2026-10-07 21h18.51.473378 +0530,
85,0,85,up,1,0.6921972995623946,None,0,85,0,85,0,146.08003580011427,,,146.07282610051334,146.08003580011427,147.06334430072457,147.0726767005399,147.76429870072752,up,1,0.6921972995623946,None,0,176374,001,2026-10-07_21h18.51.427,orientation discriminatin task,,2026.2.4,119.92133056139,2026-10-07 21h18.51.473378 +0530,
86,0,86,up,0,0.622274300083518,None,-1,86,0,86,0,147.77151750028133,,,147.76475140079856,147.77151750028133,148.7634153002873,148.7634153002873,149.3893463006243,up,0,0.622274300083518,None,-1,176374,001,2026-10-07_21h18.51.427,orientation discriminatin task,,2026.2.4,119.92133056139,2026-10-07 21h18.51.473378 +0530,
87,0,87,up,0,0.5743909003213048,None,-2,87,0,87,0,149.39681290090084,,,149.38983040023595,149.39681290090084,150.38813550025225,150.38813550025225,150.96425010077655,up,0,0.5743909003213048,None,-2,176374,001,2026-10-07_21h18.51.427,orientation discriminatin task,,2026.2.4,119.92133056139,2026-10-07 21h18.51.473378 +0530,
88,0,88,up,1,0.5401839995756745,None,0,88,0,88,0,150.9713997002691,,,150.9647393003106,150.9713997002691,151.9633724000305,151.9633724000305,152.50573970004916,up,1,0.5401839995756745,None,0,176374,001,2026-10-07_21h18.51.427,orientation discriminatin task,,2026.2.4,119.92133056139,2026-10-07 21h18.51.473378 +0530,
89,0,89,up,1,0.4045823998749256,None,0,89,0,89,0,152.5134450001642,,,152.50619180034846,152.5134450001642,153.49621460027993,153.5049087004736,153.90517460089177,up,1,0.4045823998749256,None,0,176374,001,2026-10-07_21h18.51.427,orientation discriminatin task,,2026.2.4,119.92133056139,2026-10-07 21h18.51.473378 +0530,
90,0,90,up,1,0.4492170000448823,None,0,90,0,90,0,153.91293310001493,,,153.90566360019147,153.91293310001493,154.89657440036535,154.9050139002502,155.34743710048497,up,1,0.4492170000448823,None,0,176374,001,2026-10-07_21h18.51.427,orientation discriminatin task,,2026.2.4,119.92133056139,2026-10-07 21h18.51.473378 +0530,
91,0,91,up,0,1.3837250005453825,None,0,91,0,91,0,155.3543759007007,,,155.34804510045797,155.3543759007007,156.34591340087354,156.34591340087354,157.7310554003343,up,0,1.3837250005453825,None,0,176374,001,2026-10-07_21h18.51.427,orientation discriminatin task,,2026.2.4,119.92133056139,2026-10-07 21h18.51.473378 +0530,
92,0,92,up,1,0.6502686999738216,None,0,92,0,92,0,157.73829260002822,,,157.7314624004066,157.73829260002822,158.72973940055817,158.72973940055817,159.38814720045775,up,1,0.6502686999738216,None,0,176374,001,2026-10-07_21h18.51.427,orientation discriminatin task,,2026.2.4,119.92133056139,2026-10-07 21h18.51.473378 +0530,
93,0,93,up,0,4.730717400088906,None,-3,93,0,93,0,159.39594350010157,,,159.38861650042236,159.39594350010157,160.379439400509,160.38775300048292,165.11314100027084,up,0,4.730717400088906,None,-3,176374,001,2026-10-07_21h18.51.427,orientation discriminatin task,,2026.2.4,119.92133056139,2026-10-07 21h18.51.473378 +0530,
94,0,94,down,1,0.8789844000712037,None,-5,94,0,94,0,165.12100020051003,,,165.1135912006721,165.12100020051003,166.10475690010935,166.11404650006443,166.98848350066692,down,1,0.8789844000712037,None,-5,176374,001,2026-10-07_21h18.51.427,orientation discriminatin task,,2026.2.4,119.92133056139,2026-10-07 21h18.51.473378 +0530,
95,0,95,up,1,0.5467346999794245,None,0,95,0,95,0,166.99573160056025,,,166.9888716004789,166.99573160056025,167.98776190076023,167.98776190076023,168.53857010044158,up,1,0.5467346999794245,None,0,176374,001,2026-10-07_21h18.51.427,orientation discriminatin task,,2026.2.4,119.92133056139,2026-10-07 21h18.51.473378 +0530,
96,0,96,down,1,1.0450942004099488,None,4,96,0,96,0,168.54575040005147,,,168.53908520005643,168.54575040005147,169.53781860042363,169.53781860042363,170.58835160080343,down,1,1.0450942004099488,None,4,176374,001,2026-10-07_21h18.51.427,orientation discriminatin task,,2026.2.4,119.92133056139,2026-10-07 21h18.51.473378 +0530,
97,0,97,up,0,0.8226960999891162,None,-3,97,0,97,0,170.5956471003592,,,170.5889168009162,170.5956471003592,171.58755140006542,171.58755140006542,172.41256700083613,up,0,0.8226960999891162,None,-3,176374,001,2026-10-07_21h18.51.427,orientation discriminatin task,,2026.2.4,119.92133056139,2026-10-07 21h18.51.473378 +0530,
98,0,98,down,0,0.6526359999552369,None,0,98,0,98,0,172.4208688000217,,,172.41282750014216,172.4208688000217,173.40431840065867,173.41252280026674,174.06325050070882,down,0,0.6526359999552369,None,0,176374,001,2026-10-07_21h18.51.427,orientation discriminatin task,,2026.2.4,119.92133056139,2026-10-07 21h18.51.473378 +0530,
99,0,99,up,0,0.44333159923553467,None,-4,99,0,99,0,174.07034570071846,,,174.0637344000861,174.07034570071846,175.06254030019045,175.06254030019045,175.51322880014777,up,0,0.44333159923553467,None,-4,176374,001,2026-10-07_21h18.51.427,orientation discriminatin task,,2026.2.4,119.92133056139,2026-10-07 21h18.51.473378 +0530,
